{"total_samples": 3000, "r(f)": 208, "r(C0)": 0, "r(C1)": 208, "total_overlapping_samples": 208, "R(f)": 0.06933333333333333, "R(C0)": 0.0, "R(C1)": 0.5546666666666666, "IR": 7.0, "R_aug(f)": 0.4853333333333333}