{"total_samples": 300, "r(f)": 44, "r(C0)": 2, "r(C1)": 42, "total_overlapping_samples": 44, "R(f)": 0.14666666666666667, "R(C0)": 0.008888888888888889, "R(C1)": 0.56, "IR": 3.0, "R_aug(f)": 0.4222222222222223}