{"total_samples": 300, "r(f)": 2, "r(C0)": 0, "r(C1)": 2, "total_overlapping_samples": 2, "R(f)": 0.006666666666666667, "R(C0)": 0.0, "R(C1)": 0.14285714285714285, "IR": 20.428571428571427, "R_aug(f)": 0.13619047619047617}