{"total_samples": 300, "r(f)": 9, "r(C0)": 0, "r(C1)": 9, "total_overlapping_samples": 9, "R(f)": 0.03, "R(C0)": 0.0, "R(C1)": 0.2727272727272727, "IR": 8.090909090909092, "R_aug(f)": 0.2427272727272727}