{"total_samples": 3000, "r(f)": 587, "r(C0)": 218, "r(C1)": 369, "total_overlapping_samples": 587, "R(f)": 0.19566666666666666, "R(C0)": 0.09083333333333334, "R(C1)": 0.615, "IR": 4.0, "R_aug(f)": 0.5101666666666667}