{"total_samples": 300, "r(f)": 15, "r(C0)": 1, "r(C1)": 14, "total_overlapping_samples": 15, "R(f)": 0.05, "R(C0)": 0.0034965034965034965, "R(C1)": 1.0, "IR": 20.428571428571427, "R_aug(f)": 0.9534965034965035}