{"total_samples": 300, "r(f)": 69, "r(C0)": 20, "r(C1)": 49, "total_overlapping_samples": 69, "R(f)": 0.23, "R(C0)": 0.09345794392523364, "R(C1)": 0.5697674418604651, "IR": 2.488372093023256, "R_aug(f)": 0.4332253857856988}