{"total_samples": 3000, "r(f)": 794, "r(C0)": 412, "r(C1)": 382, "total_overlapping_samples": 794, "R(f)": 0.26466666666666666, "R(C0)": 0.19225384974335044, "R(C1)": 0.4457409568261377, "IR": 2.500583430571762, "R_aug(f)": 0.3733281399028215}