{"total_samples": 300, "r(f)": 5, "r(C0)": 0, "r(C1)": 5, "total_overlapping_samples": 5, "R(f)": 0.016666666666666666, "R(C0)": 0.0, "R(C1)": 0.13157894736842105, "IR": 6.894736842105263, "R_aug(f)": 0.11491228070175438}