{"total_samples": 300, "r(f)": 20, "r(C0)": 16, "r(C1)": 4, "total_overlapping_samples": 20, "R(f)": 0.06666666666666667, "R(C0)": 0.05925925925925926, "R(C1)": 0.13333333333333333, "IR": 9.0, "R_aug(f)": 0.12592592592592594}