{"total_samples": 300, "r(f)": 27, "r(C0)": 0, "r(C1)": 27, "total_overlapping_samples": 27, "R(f)": 0.09, "R(C0)": 0.0, "R(C1)": 1.0, "IR": 10.11111111111111, "R_aug(f)": 0.9099999999999999}