{"total_samples": 300, "r(f)": 1, "r(C0)": 0, "r(C1)": 1, "total_overlapping_samples": 1, "R(f)": 0.0033333333333333335, "R(C0)": 0.0, "R(C1)": 0.030303030303030304, "IR": 8.090909090909092, "R_aug(f)": 0.02696969696969697}