{"total_samples": 3000, "r(f)": 617, "r(C0)": 302, "r(C1)": 315, "total_overlapping_samples": 617, "R(f)": 0.20566666666666666, "R(C0)": 0.11746402178140801, "R(C1)": 0.7342657342657343, "IR": 5.993006993006993, "R_aug(f)": 0.6460630893804755}