{"total_samples": 3000, "r(f)": 119, "r(C0)": 3, "r(C1)": 116, "total_overlapping_samples": 119, "R(f)": 0.03966666666666667, "R(C0)": 0.0010500525026251313, "R(C1)": 0.8111888111888111, "IR": 19.97902097902098, "R_aug(f)": 0.7725721970247695}