{"total_samples": 300, "r(f)": 6, "r(C0)": 0, "r(C1)": 6, "total_overlapping_samples": 6, "R(f)": 0.02, "R(C0)": 0.0, "R(C1)": 0.15789473684210525, "IR": 6.894736842105263, "R_aug(f)": 0.13789473684210526}