{"total_samples": 3000, "r(f)": 37, "r(C0)": 0, "r(C1)": 37, "total_overlapping_samples": 37, "R(f)": 0.012333333333333333, "R(C0)": 0.0, "R(C1)": 0.13553113553113552, "IR": 9.989010989010989, "R_aug(f)": 0.12319780219780219}