{"total_samples": 3000, "r(f)": 335, "r(C0)": 2, "r(C1)": 333, "total_overlapping_samples": 335, "R(f)": 0.11166666666666666, "R(C0)": 0.0007499062617172854, "R(C1)": 1.0, "IR": 8.00900900900901, "R_aug(f)": 0.8890832395950506}