{"total_samples": 3000, "r(f)": 619, "r(C0)": 340, "r(C1)": 279, "total_overlapping_samples": 619, "R(f)": 0.20633333333333334, "R(C0)": 0.136, "R(C1)": 0.558, "IR": 5.0, "R_aug(f)": 0.4876666666666667}