{"total_samples": 3000, "r(f)": 4, "r(C0)": 0, "r(C1)": 4, "total_overlapping_samples": 4, "R(f)": 0.0013333333333333333, "R(C0)": 0.0, "R(C1)": 0.014652014652014652, "IR": 9.989010989010989, "R_aug(f)": 0.013318681318681318}