{"total_samples": 300, "r(f)": 5, "r(C0)": 1, "r(C1)": 4, "total_overlapping_samples": 5, "R(f)": 0.016666666666666666, "R(C0)": 0.0044444444444444444, "R(C1)": 0.05333333333333334, "IR": 3.0, "R_aug(f)": 0.04111111111111111}