{"total_samples": 300, "r(f)": 11, "r(C0)": 1, "r(C1)": 10, "total_overlapping_samples": 11, "R(f)": 0.03666666666666667, "R(C0)": 0.004672897196261682, "R(C1)": 0.11627906976744186, "IR": 2.488372093023256, "R_aug(f)": 0.08428530029703689}