{"total_samples": 3000, "r(f)": 128, "r(C0)": 128, "r(C1)": 0, "total_overlapping_samples": 128, "R(f)": 0.042666666666666665, "R(C0)": 0.0512, "R(C1)": 0.0, "IR": 5.0, "R_aug(f)": 0.008533333333333334}