{"total_samples": 3000, "r(f)": 5, "r(C0)": 0, "r(C1)": 5, "total_overlapping_samples": 5, "R(f)": 0.0016666666666666668, "R(C0)": 0.0, "R(C1)": 0.015015015015015015, "IR": 8.00900900900901, "R_aug(f)": 0.013348348348348348}