{"total_samples": 300, "r(f)": 14, "r(C0)": 11, "r(C1)": 3, "total_overlapping_samples": 14, "R(f)": 0.04666666666666667, "R(C0)": 0.040293040293040296, "R(C1)": 0.1111111111111111, "IR": 10.11111111111111, "R_aug(f)": 0.10473748473748473}