{"total_samples": 3000, "r(f)": 276, "r(C0)": 3, "r(C1)": 273, "total_overlapping_samples": 276, "R(f)": 0.092, "R(C0)": 0.0011001100110011, "R(C1)": 1.0, "IR": 9.989010989010989, "R_aug(f)": 0.909100110011001}