{"total_samples": 300, "r(f)": 3, "r(C0)": 0, "r(C1)": 3, "total_overlapping_samples": 3, "R(f)": 0.01, "R(C0)": 0.0, "R(C1)": 0.07894736842105263, "IR": 6.894736842105263, "R_aug(f)": 0.06894736842105263}