{"total_samples": 3000, "r(f)": 405, "r(C0)": 171, "r(C1)": 234, "total_overlapping_samples": 405, "R(f)": 0.135, "R(C0)": 0.06411698537682789, "R(C1)": 0.7027027027027027, "IR": 8.00900900900901, "R_aug(f)": 0.6318196880795306}