{"total_samples": 3000, "r(f)": 118, "r(C0)": 118, "r(C1)": 0, "total_overlapping_samples": 118, "R(f)": 0.03933333333333333, "R(C0)": 0.055062995800279985, "R(C1)": 0.0, "IR": 2.500583430571762, "R_aug(f)": 0.01572966246694665}