{"total_samples": 3000, "r(f)": 721, "r(C0)": 247, "r(C1)": 474, "total_overlapping_samples": 721, "R(f)": 0.24033333333333334, "R(C0)": 0.11525898273448437, "R(C1)": 0.5530921820303384, "IR": 2.500583430571762, "R_aug(f)": 0.42801783143148947}