{"total_samples": 3000, "r(f)": 175, "r(C0)": 96, "r(C1)": 79, "total_overlapping_samples": 175, "R(f)": 0.058333333333333334, "R(C0)": 0.0336016800840042, "R(C1)": 0.5524475524475524, "IR": 19.97902097902098, "R_aug(f)": 0.5277158991982233}