{"total_samples": 3000, "r(f)": 171, "r(C0)": 1, "r(C1)": 170, "total_overlapping_samples": 171, "R(f)": 0.057, "R(C0)": 0.0003667033370003667, "R(C1)": 0.6227106227106227, "IR": 9.989010989010989, "R_aug(f)": 0.5660773260476232}