{"total_samples": 300, "r(f)": 10, "r(C0)": 1, "r(C1)": 9, "total_overlapping_samples": 10, "R(f)": 0.03333333333333333, "R(C0)": 0.0044444444444444444, "R(C1)": 0.12, "IR": 3.0, "R_aug(f)": 0.0911111111111111}