{"total_samples": 300, "r(f)": 50, "r(C0)": 28, "r(C1)": 22, "total_overlapping_samples": 50, "R(f)": 0.16666666666666666, "R(C0)": 0.112, "R(C1)": 0.44, "IR": 5.0, "R_aug(f)": 0.38533333333333336}