{"total_samples": 3000, "r(f)": 1, "r(C0)": 0, "r(C1)": 1, "total_overlapping_samples": 1, "R(f)": 0.0003333333333333333, "R(C0)": 0.0, "R(C1)": 0.0013333333333333333, "IR": 3.0, "R_aug(f)": 0.001}