{"total_samples": 3000, "r(f)": 71, "r(C0)": 24, "r(C1)": 47, "total_overlapping_samples": 71, "R(f)": 0.023666666666666666, "R(C0)": 0.011199253383107793, "R(C1)": 0.05484247374562427, "IR": 2.500583430571762, "R_aug(f)": 0.0423750604620654}