{"total_samples": 3000, "r(f)": 24, "r(C0)": 0, "r(C1)": 24, "total_overlapping_samples": 24, "R(f)": 0.008, "R(C0)": 0.0, "R(C1)": 0.16783216783216784, "IR": 19.97902097902098, "R_aug(f)": 0.15983216783216783}