{"total_samples": 300, "r(f)": 72, "r(C0)": 39, "r(C1)": 33, "total_overlapping_samples": 72, "R(f)": 0.24, "R(C0)": 0.1822429906542056, "R(C1)": 0.38372093023255816, "IR": 2.488372093023256, "R_aug(f)": 0.3259639208867638}