{"total_samples": 3000, "r(f)": 952, "r(C0)": 95, "r(C1)": 857, "total_overlapping_samples": 952, "R(f)": 0.31733333333333336, "R(C0)": 0.04433037797480168, "R(C1)": 1.0, "IR": 2.500583430571762, "R_aug(f)": 0.7269970446414684}