{"total_samples": 3000, "r(f)": 265, "r(C0)": 5, "r(C1)": 260, "total_overlapping_samples": 265, "R(f)": 0.08833333333333333, "R(C0)": 0.0019447685725398677, "R(C1)": 0.6060606060606061, "IR": 5.993006993006993, "R_aug(f)": 0.5196720412998126}