{"total_samples": 3000, "r(f)": 337, "r(C0)": 56, "r(C1)": 281, "total_overlapping_samples": 337, "R(f)": 0.11233333333333333, "R(C0)": 0.021781408012446518, "R(C1)": 0.655011655011655, "IR": 5.993006993006993, "R_aug(f)": 0.5644597296907682}