{"total_samples": 300, "r(f)": 113, "r(C0)": 57, "r(C1)": 56, "total_overlapping_samples": 113, "R(f)": 0.37666666666666665, "R(C0)": 0.26635514018691586, "R(C1)": 0.6511627906976745, "IR": 2.488372093023256, "R_aug(f)": 0.5408512642179237}