{"total_samples": 3000, "r(f)": 206, "r(C0)": 0, "r(C1)": 206, "total_overlapping_samples": 206, "R(f)": 0.06866666666666667, "R(C0)": 0.0, "R(C1)": 0.6186186186186187, "IR": 8.00900900900901, "R_aug(f)": 0.549951951951952}