{"total_samples": 300, "r(f)": 19, "r(C0)": 19, "r(C1)": 0, "total_overlapping_samples": 19, "R(f)": 0.06333333333333334, "R(C0)": 0.07916666666666666, "R(C1)": 0.0, "IR": 4.0, "R_aug(f)": 0.015833333333333335}