{"total_samples": 300, "r(f)": 4, "r(C0)": 0, "r(C1)": 4, "total_overlapping_samples": 4, "R(f)": 0.013333333333333334, "R(C0)": 0.0, "R(C1)": 0.09302325581395349, "IR": 5.976744186046512, "R_aug(f)": 0.07968992248062017}