{"total_samples": 3000, "r(f)": 511, "r(C0)": 197, "r(C1)": 314, "total_overlapping_samples": 511, "R(f)": 0.17033333333333334, "R(C0)": 0.0738657667791526, "R(C1)": 0.9429429429429429, "IR": 8.00900900900901, "R_aug(f)": 0.8464753763887622}