{"total_samples": 3000, "r(f)": 60, "r(C0)": 17, "r(C1)": 43, "total_overlapping_samples": 60, "R(f)": 0.02, "R(C0)": 0.007555555555555556, "R(C1)": 0.05733333333333333, "IR": 3.0, "R_aug(f)": 0.04488888888888889}