{"total_samples": 300, "r(f)": 55, "r(C0)": 12, "r(C1)": 43, "total_overlapping_samples": 55, "R(f)": 0.18333333333333332, "R(C0)": 0.05333333333333334, "R(C1)": 0.5733333333333334, "IR": 3.0, "R_aug(f)": 0.44333333333333336}