{"total_samples": 300, "r(f)": 68, "r(C0)": 32, "r(C1)": 36, "total_overlapping_samples": 68, "R(f)": 0.22666666666666666, "R(C0)": 0.128, "R(C1)": 0.72, "IR": 5.0, "R_aug(f)": 0.6213333333333333}