{"total_samples": 3000, "r(f)": 186, "r(C0)": 1, "r(C1)": 185, "total_overlapping_samples": 186, "R(f)": 0.062, "R(C0)": 0.00037037037037037035, "R(C1)": 0.6166666666666667, "IR": 9.0, "R_aug(f)": 0.5550370370370371}