{"total_samples": 300, "r(f)": 51, "r(C0)": 6, "r(C1)": 45, "total_overlapping_samples": 51, "R(f)": 0.17, "R(C0)": 0.028037383177570093, "R(C1)": 0.5232558139534884, "IR": 2.488372093023256, "R_aug(f)": 0.38129319713105847}