{"total_samples": 3000, "r(f)": 35, "r(C0)": 2, "r(C1)": 33, "total_overlapping_samples": 35, "R(f)": 0.011666666666666667, "R(C0)": 0.0008, "R(C1)": 0.066, "IR": 5.0, "R_aug(f)": 0.05513333333333334}