{"total_samples": 300, "r(f)": 18, "r(C0)": 18, "r(C1)": 0, "total_overlapping_samples": 18, "R(f)": 0.06, "R(C0)": 0.07003891050583658, "R(C1)": 0.0, "IR": 5.976744186046512, "R_aug(f)": 0.010038910505836577}