{"total_samples": 3000, "r(f)": 24, "r(C0)": 1, "r(C1)": 23, "total_overlapping_samples": 24, "R(f)": 0.008, "R(C0)": 0.00037037037037037035, "R(C1)": 0.07666666666666666, "IR": 9.0, "R_aug(f)": 0.06903703703703704}