{"total_samples": 300, "r(f)": 3, "r(C0)": 0, "r(C1)": 3, "total_overlapping_samples": 3, "R(f)": 0.01, "R(C0)": 0.0, "R(C1)": 0.1111111111111111, "IR": 10.11111111111111, "R_aug(f)": 0.1011111111111111}