{"total_samples": 300, "r(f)": 19, "r(C0)": 17, "r(C1)": 2, "total_overlapping_samples": 19, "R(f)": 0.06333333333333334, "R(C0)": 0.06367041198501873, "R(C1)": 0.06060606060606061, "IR": 8.090909090909092, "R_aug(f)": 0.060943139257746005}