{"total_samples": 3000, "r(f)": 578, "r(C0)": 374, "r(C1)": 204, "total_overlapping_samples": 578, "R(f)": 0.19266666666666668, "R(C0)": 0.15583333333333332, "R(C1)": 0.34, "IR": 4.0, "R_aug(f)": 0.3031666666666667}