{"total_samples": 300, "r(f)": 78, "r(C0)": 3, "r(C1)": 75, "total_overlapping_samples": 78, "R(f)": 0.26, "R(C0)": 0.013333333333333334, "R(C1)": 1.0, "IR": 3.0, "R_aug(f)": 0.7533333333333333}