{"total_samples": 300, "r(f)": 19, "r(C0)": 0, "r(C1)": 19, "total_overlapping_samples": 19, "R(f)": 0.06333333333333334, "R(C0)": 0.0, "R(C1)": 0.7037037037037037, "IR": 10.11111111111111, "R_aug(f)": 0.6403703703703704}