{"total_samples": 300, "r(f)": 7, "r(C0)": 3, "r(C1)": 4, "total_overlapping_samples": 7, "R(f)": 0.023333333333333334, "R(C0)": 0.014018691588785047, "R(C1)": 0.046511627906976744, "IR": 2.488372093023256, "R_aug(f)": 0.037196986162428454}