{"total_samples": 3000, "r(f)": 197, "r(C0)": 8, "r(C1)": 189, "total_overlapping_samples": 197, "R(f)": 0.06566666666666666, "R(C0)": 0.0029336266960029336, "R(C1)": 0.6923076923076923, "IR": 9.989010989010989, "R_aug(f)": 0.6295746523370286}