{"total_samples": 300, "r(f)": 33, "r(C0)": 6, "r(C1)": 27, "total_overlapping_samples": 33, "R(f)": 0.11, "R(C0)": 0.02197802197802198, "R(C1)": 1.0, "IR": 10.11111111111111, "R_aug(f)": 0.9119780219780219}