{"total_samples": 3000, "r(f)": 662, "r(C0)": 168, "r(C1)": 494, "total_overlapping_samples": 662, "R(f)": 0.22066666666666668, "R(C0)": 0.0672, "R(C1)": 0.988, "IR": 5.0, "R_aug(f)": 0.8345333333333331}