{"total_samples": 300, "r(f)": 38, "r(C0)": 9, "r(C1)": 29, "total_overlapping_samples": 38, "R(f)": 0.12666666666666668, "R(C0)": 0.03501945525291829, "R(C1)": 0.6744186046511628, "IR": 5.976744186046512, "R_aug(f)": 0.5827713932374143}