{"total_samples": 300, "r(f)": 16, "r(C0)": 16, "r(C1)": 0, "total_overlapping_samples": 16, "R(f)": 0.05333333333333334, "R(C0)": 0.06666666666666667, "R(C1)": 0.0, "IR": 4.0, "R_aug(f)": 0.013333333333333334}