{"total_samples": 3000, "r(f)": 233, "r(C0)": 3, "r(C1)": 230, "total_overlapping_samples": 233, "R(f)": 0.07766666666666666, "R(C0)": 0.001142857142857143, "R(C1)": 0.6133333333333333, "IR": 7.0, "R_aug(f)": 0.5368095238095237}