{"total_samples": 300, "r(f)": 97, "r(C0)": 23, "r(C1)": 74, "total_overlapping_samples": 97, "R(f)": 0.3233333333333333, "R(C0)": 0.10222222222222223, "R(C1)": 0.9866666666666667, "IR": 3.0, "R_aug(f)": 0.7655555555555555}