{"total_samples": 300, "r(f)": 24, "r(C0)": 1, "r(C1)": 23, "total_overlapping_samples": 24, "R(f)": 0.08, "R(C0)": 0.003663003663003663, "R(C1)": 0.8518518518518519, "IR": 10.11111111111111, "R_aug(f)": 0.7755148555148554}