{"total_samples": 3000, "r(f)": 47, "r(C0)": 7, "r(C1)": 40, "total_overlapping_samples": 47, "R(f)": 0.015666666666666666, "R(C0)": 0.002916666666666667, "R(C1)": 0.06666666666666667, "IR": 4.0, "R_aug(f)": 0.05391666666666667}