{"total_samples": 3000, "r(f)": 182, "r(C0)": 99, "r(C1)": 83, "total_overlapping_samples": 182, "R(f)": 0.06066666666666667, "R(C0)": 0.03465173258662933, "R(C1)": 0.5804195804195804, "IR": 19.97902097902098, "R_aug(f)": 0.5544046463395431}