{"total_samples": 3000, "r(f)": 278, "r(C0)": 35, "r(C1)": 243, "total_overlapping_samples": 278, "R(f)": 0.09266666666666666, "R(C0)": 0.013333333333333334, "R(C1)": 0.648, "IR": 7.0, "R_aug(f)": 0.5686666666666668}