{"total_samples": 300, "r(f)": 39, "r(C0)": 1, "r(C1)": 38, "total_overlapping_samples": 39, "R(f)": 0.13, "R(C0)": 0.003816793893129771, "R(C1)": 1.0, "IR": 6.894736842105263, "R_aug(f)": 0.8738167938931297}