{"total_samples": 3000, "r(f)": 133, "r(C0)": 123, "r(C1)": 10, "total_overlapping_samples": 133, "R(f)": 0.044333333333333336, "R(C0)": 0.04555555555555556, "R(C1)": 0.03333333333333333, "IR": 9.0, "R_aug(f)": 0.034555555555555555}