{"total_samples": 3000, "r(f)": 15, "r(C0)": 0, "r(C1)": 15, "total_overlapping_samples": 15, "R(f)": 0.005, "R(C0)": 0.0, "R(C1)": 0.1048951048951049, "IR": 19.97902097902098, "R_aug(f)": 0.09989510489510489}