{"total_samples": 3000, "r(f)": 143, "r(C0)": 0, "r(C1)": 143, "total_overlapping_samples": 143, "R(f)": 0.04766666666666667, "R(C0)": 0.0, "R(C1)": 1.0, "IR": 19.97902097902098, "R_aug(f)": 0.9523333333333333}