{"total_samples": 3000, "r(f)": 129, "r(C0)": 123, "r(C1)": 6, "total_overlapping_samples": 129, "R(f)": 0.043, "R(C0)": 0.047841306884480746, "R(C1)": 0.013986013986013986, "IR": 5.993006993006993, "R_aug(f)": 0.01882732087049473}