{"total_samples": 300, "r(f)": 53, "r(C0)": 36, "r(C1)": 17, "total_overlapping_samples": 53, "R(f)": 0.17666666666666667, "R(C0)": 0.16, "R(C1)": 0.22666666666666666, "IR": 3.0, "R_aug(f)": 0.21}