{"total_samples": 300, "r(f)": 61, "r(C0)": 12, "r(C1)": 49, "total_overlapping_samples": 61, "R(f)": 0.20333333333333334, "R(C0)": 0.048, "R(C1)": 0.98, "IR": 5.0, "R_aug(f)": 0.8246666666666667}