{"total_samples": 3000, "r(f)": 1213, "r(C0)": 379, "r(C1)": 834, "total_overlapping_samples": 1213, "R(f)": 0.4043333333333333, "R(C0)": 0.17685487634157723, "R(C1)": 0.9731621936989499, "IR": 2.500583430571762, "R_aug(f)": 0.7456837367071938}