{"total_samples": 3000, "r(f)": 277, "r(C0)": 3, "r(C1)": 274, "total_overlapping_samples": 277, "R(f)": 0.09233333333333334, "R(C0)": 0.0012, "R(C1)": 0.548, "IR": 5.0, "R_aug(f)": 0.45686666666666664}