{"total_samples": 3000, "r(f)": 166, "r(C0)": 0, "r(C1)": 166, "total_overlapping_samples": 166, "R(f)": 0.05533333333333333, "R(C0)": 0.0, "R(C1)": 0.5533333333333333, "IR": 9.0, "R_aug(f)": 0.49800000000000005}