{"total_samples": 300, "r(f)": 35, "r(C0)": 11, "r(C1)": 24, "total_overlapping_samples": 35, "R(f)": 0.11666666666666667, "R(C0)": 0.040740740740740744, "R(C1)": 0.8, "IR": 9.0, "R_aug(f)": 0.7240740740740741}