{"total_samples": 300, "r(f)": 25, "r(C0)": 0, "r(C1)": 25, "total_overlapping_samples": 25, "R(f)": 0.08333333333333333, "R(C0)": 0.0, "R(C1)": 0.7575757575757576, "IR": 8.090909090909092, "R_aug(f)": 0.6742424242424242}