{"total_samples": 3000, "r(f)": 114, "r(C0)": 114, "r(C1)": 0, "total_overlapping_samples": 114, "R(f)": 0.038, "R(C0)": 0.05319645356976201, "R(C1)": 0.0, "IR": 2.500583430571762, "R_aug(f)": 0.015196453569762016}