{"total_samples": 300, "r(f)": 11, "r(C0)": 1, "r(C1)": 10, "total_overlapping_samples": 11, "R(f)": 0.03666666666666667, "R(C0)": 0.004, "R(C1)": 0.2, "IR": 5.0, "R_aug(f)": 0.16733333333333333}