{"total_samples": 300, "r(f)": 5, "r(C0)": 0, "r(C1)": 5, "total_overlapping_samples": 5, "R(f)": 0.016666666666666666, "R(C0)": 0.0, "R(C1)": 0.35714285714285715, "IR": 20.428571428571427, "R_aug(f)": 0.3404761904761905}