{"total_samples": 300, "r(f)": 2, "r(C0)": 1, "r(C1)": 1, "total_overlapping_samples": 2, "R(f)": 0.006666666666666667, "R(C0)": 0.004672897196261682, "R(C1)": 0.011627906976744186, "IR": 2.488372093023256, "R_aug(f)": 0.009634137506339202}