{"total_samples": 300, "r(f)": 64, "r(C0)": 4, "r(C1)": 60, "total_overlapping_samples": 64, "R(f)": 0.21333333333333335, "R(C0)": 0.016666666666666666, "R(C1)": 1.0, "IR": 4.0, "R_aug(f)": 0.8033333333333333}