{"total_samples": 3000, "r(f)": 866, "r(C0)": 294, "r(C1)": 572, "total_overlapping_samples": 866, "R(f)": 0.2886666666666667, "R(C0)": 0.1225, "R(C1)": 0.9533333333333334, "IR": 4.0, "R_aug(f)": 0.7871666666666668}