{"total_samples": 3000, "r(f)": 398, "r(C0)": 48, "r(C1)": 350, "total_overlapping_samples": 398, "R(f)": 0.13266666666666665, "R(C0)": 0.02, "R(C1)": 0.5833333333333334, "IR": 4.0, "R_aug(f)": 0.47066666666666673}