{"total_samples": 3000, "r(f)": 468, "r(C0)": 379, "r(C1)": 89, "total_overlapping_samples": 468, "R(f)": 0.156, "R(C0)": 0.16844444444444445, "R(C1)": 0.11866666666666667, "IR": 3.0, "R_aug(f)": 0.13111111111111112}