{"total_samples": 300, "r(f)": 59, "r(C0)": 26, "r(C1)": 33, "total_overlapping_samples": 59, "R(f)": 0.19666666666666666, "R(C0)": 0.09923664122137404, "R(C1)": 0.868421052631579, "IR": 6.894736842105263, "R_aug(f)": 0.7709910271862864}