{"total_samples": 3000, "r(f)": 109, "r(C0)": 10, "r(C1)": 99, "total_overlapping_samples": 109, "R(f)": 0.036333333333333336, "R(C0)": 0.004666355576294913, "R(C1)": 0.11551925320886815, "IR": 2.500583430571762, "R_aug(f)": 0.08385227545182973}