{"total_samples": 300, "r(f)": 40, "r(C0)": 0, "r(C1)": 40, "total_overlapping_samples": 40, "R(f)": 0.13333333333333333, "R(C0)": 0.0, "R(C1)": 0.6666666666666666, "IR": 4.0, "R_aug(f)": 0.5333333333333333}