{"total_samples": 3000, "r(f)": 124, "r(C0)": 124, "r(C1)": 0, "total_overlapping_samples": 124, "R(f)": 0.04133333333333333, "R(C0)": 0.05511111111111111, "R(C1)": 0.0, "IR": 3.0, "R_aug(f)": 0.013777777777777778}