{"total_samples": 3000, "r(f)": 414, "r(C0)": 21, "r(C1)": 393, "total_overlapping_samples": 414, "R(f)": 0.138, "R(C0)": 0.009333333333333334, "R(C1)": 0.524, "IR": 3.0, "R_aug(f)": 0.39533333333333337}