{"total_samples": 3000, "r(f)": 518, "r(C0)": 68, "r(C1)": 450, "total_overlapping_samples": 518, "R(f)": 0.17266666666666666, "R(C0)": 0.03173121791880541, "R(C1)": 0.5250875145857643, "IR": 2.500583430571762, "R_aug(f)": 0.384152065837903}