{"total_samples": 300, "r(f)": 49, "r(C0)": 6, "r(C1)": 43, "total_overlapping_samples": 49, "R(f)": 0.16333333333333333, "R(C0)": 0.023346303501945526, "R(C1)": 1.0, "IR": 5.976744186046512, "R_aug(f)": 0.8600129701686122}