{"total_samples": 300, "r(f)": 20, "r(C0)": 0, "r(C1)": 20, "total_overlapping_samples": 20, "R(f)": 0.06666666666666667, "R(C0)": 0.0, "R(C1)": 0.7407407407407407, "IR": 10.11111111111111, "R_aug(f)": 0.6740740740740739}