{"total_samples": 284807, "r(f)": 208, "r(C0)": 30, "r(C1)": 178, "total_overlapping_samples": 208, "R(f)": 0.0007303191283922095, "R(C0)": 0.0001055167683731073, "R(C1)": 0.3617886178861789, "IR": 577.8760162601626, "R_aug(f)": 0.36116381552615984}