{"total_samples": 3000, "r(f)": 129, "r(C0)": 123, "r(C1)": 6, "total_overlapping_samples": 129, "R(f)": 0.043, "R(C0)": 0.046857142857142854, "R(C1)": 0.016, "IR": 7.0, "R_aug(f)": 0.019857142857142858}