{"total_samples": 300, "r(f)": 23, "r(C0)": 0, "r(C1)": 23, "total_overlapping_samples": 23, "R(f)": 0.07666666666666666, "R(C0)": 0.0, "R(C1)": 0.7666666666666667, "IR": 9.0, "R_aug(f)": 0.6900000000000001}