{"total_samples": 3000, "r(f)": 503, "r(C0)": 76, "r(C1)": 427, "total_overlapping_samples": 503, "R(f)": 0.16766666666666666, "R(C0)": 0.02956048230260599, "R(C1)": 0.9953379953379954, "IR": 5.993006993006993, "R_aug(f)": 0.8572318109739346}