{"total_samples": 3000, "r(f)": 135, "r(C0)": 122, "r(C1)": 13, "total_overlapping_samples": 135, "R(f)": 0.045, "R(C0)": 0.04518518518518518, "R(C1)": 0.043333333333333335, "IR": 9.0, "R_aug(f)": 0.04351851851851852}