{"total_samples": 300, "r(f)": 35, "r(C0)": 2, "r(C1)": 33, "total_overlapping_samples": 35, "R(f)": 0.11666666666666667, "R(C0)": 0.008, "R(C1)": 0.66, "IR": 5.0, "R_aug(f)": 0.5513333333333333}