{"total_samples": 300, "r(f)": 35, "r(C0)": 32, "r(C1)": 3, "total_overlapping_samples": 35, "R(f)": 0.11666666666666667, "R(C0)": 0.14953271028037382, "R(C1)": 0.03488372093023256, "IR": 2.488372093023256, "R_aug(f)": 0.06774976454393972}