{"total_samples": 300, "r(f)": 38, "r(C0)": 0, "r(C1)": 38, "total_overlapping_samples": 38, "R(f)": 0.12666666666666668, "R(C0)": 0.0, "R(C1)": 1.0, "IR": 6.894736842105263, "R_aug(f)": 0.8733333333333334}