{"total_samples": 3000, "r(f)": 143, "r(C0)": 122, "r(C1)": 21, "total_overlapping_samples": 143, "R(f)": 0.04766666666666667, "R(C0)": 0.044737807114044736, "R(C1)": 0.07692307692307693, "IR": 9.989010989010989, "R_aug(f)": 0.073994217370455}