{"total_samples": 300, "r(f)": 57, "r(C0)": 20, "r(C1)": 37, "total_overlapping_samples": 57, "R(f)": 0.19, "R(C0)": 0.08333333333333333, "R(C1)": 0.6166666666666667, "IR": 4.0, "R_aug(f)": 0.5100000000000001}