{"total_samples": 300, "r(f)": 49, "r(C0)": 24, "r(C1)": 25, "total_overlapping_samples": 49, "R(f)": 0.16333333333333333, "R(C0)": 0.0933852140077821, "R(C1)": 0.5813953488372093, "IR": 5.976744186046512, "R_aug(f)": 0.5114472295116581}