{"total_samples": 3000, "r(f)": 668, "r(C0)": 68, "r(C1)": 600, "total_overlapping_samples": 668, "R(f)": 0.22266666666666668, "R(C0)": 0.028333333333333332, "R(C1)": 1.0, "IR": 4.0, "R_aug(f)": 0.8056666666666668}