{"total_samples": 3000, "r(f)": 500, "r(C0)": 0, "r(C1)": 500, "total_overlapping_samples": 500, "R(f)": 0.16666666666666666, "R(C0)": 0.0, "R(C1)": 1.0, "IR": 5.0, "R_aug(f)": 0.8333333333333333}