{"total_samples": 3000, "r(f)": 140, "r(C0)": 120, "r(C1)": 20, "total_overlapping_samples": 140, "R(f)": 0.04666666666666667, "R(C0)": 0.04400440044004401, "R(C1)": 0.07326007326007326, "IR": 9.989010989010989, "R_aug(f)": 0.0705978070334506}