{"total_samples": 3000, "r(f)": 129, "r(C0)": 124, "r(C1)": 5, "total_overlapping_samples": 129, "R(f)": 0.043, "R(C0)": 0.048230260598988724, "R(C1)": 0.011655011655011656, "IR": 5.993006993006993, "R_aug(f)": 0.016885272254000376}