{"total_samples": 3000, "r(f)": 376, "r(C0)": 1, "r(C1)": 375, "total_overlapping_samples": 376, "R(f)": 0.12533333333333332, "R(C0)": 0.00038095238095238096, "R(C1)": 1.0, "IR": 7.0, "R_aug(f)": 0.8750476190476191}