{"total_samples": 300, "r(f)": 7, "r(C0)": 0, "r(C1)": 7, "total_overlapping_samples": 7, "R(f)": 0.023333333333333334, "R(C0)": 0.0, "R(C1)": 0.14, "IR": 5.0, "R_aug(f)": 0.11666666666666667}