{"total_samples": 3000, "r(f)": 1163, "r(C0)": 525, "r(C1)": 638, "total_overlapping_samples": 1163, "R(f)": 0.38766666666666666, "R(C0)": 0.23333333333333334, "R(C1)": 0.8506666666666667, "IR": 3.0, "R_aug(f)": 0.6963333333333334}