{"total_samples": 300, "r(f)": 39, "r(C0)": 18, "r(C1)": 21, "total_overlapping_samples": 39, "R(f)": 0.13, "R(C0)": 0.06870229007633588, "R(C1)": 0.5526315789473685, "IR": 6.894736842105263, "R_aug(f)": 0.49133386902370435}