{"total_samples": 3000, "r(f)": 1200, "r(C0)": 618, "r(C1)": 582, "total_overlapping_samples": 1200, "R(f)": 0.4, "R(C0)": 0.28838077461502565, "R(C1)": 0.6791131855309218, "IR": 2.500583430571762, "R_aug(f)": 0.5674939601459476}