{"total_samples": 3000, "r(f)": 353, "r(C0)": 20, "r(C1)": 333, "total_overlapping_samples": 353, "R(f)": 0.11766666666666667, "R(C0)": 0.0074990626171728535, "R(C1)": 1.0, "IR": 8.00900900900901, "R_aug(f)": 0.8898323959505062}