{"total_samples": 300, "r(f)": 11, "r(C0)": 0, "r(C1)": 11, "total_overlapping_samples": 11, "R(f)": 0.03666666666666667, "R(C0)": 0.0, "R(C1)": 0.7857142857142857, "IR": 20.428571428571427, "R_aug(f)": 0.7490476190476191}