{"total_samples": 300, "r(f)": 18, "r(C0)": 15, "r(C1)": 3, "total_overlapping_samples": 18, "R(f)": 0.06, "R(C0)": 0.056179775280898875, "R(C1)": 0.09090909090909091, "IR": 8.090909090909092, "R_aug(f)": 0.08708886618998979}