{"total_samples": 3000, "r(f)": 131, "r(C0)": 126, "r(C1)": 5, "total_overlapping_samples": 131, "R(f)": 0.043666666666666666, "R(C0)": 0.048, "R(C1)": 0.013333333333333334, "IR": 7.0, "R_aug(f)": 0.017666666666666667}