{"total_samples": 3000, "r(f)": 308, "r(C0)": 276, "r(C1)": 32, "total_overlapping_samples": 308, "R(f)": 0.10266666666666667, "R(C0)": 0.12879141390573962, "R(C1)": 0.03733955659276546, "IR": 2.500583430571762, "R_aug(f)": 0.06346430383183842}