{"total_samples": 300, "r(f)": 35, "r(C0)": 26, "r(C1)": 9, "total_overlapping_samples": 35, "R(f)": 0.11666666666666667, "R(C0)": 0.10833333333333334, "R(C1)": 0.15, "IR": 4.0, "R_aug(f)": 0.14166666666666666}