{"total_samples": 3000, "r(f)": 125, "r(C0)": 125, "r(C1)": 0, "total_overlapping_samples": 125, "R(f)": 0.041666666666666664, "R(C0)": 0.052083333333333336, "R(C1)": 0.0, "IR": 4.0, "R_aug(f)": 0.010416666666666668}