{"total_samples": 300, "r(f)": 28, "r(C0)": 0, "r(C1)": 28, "total_overlapping_samples": 28, "R(f)": 0.09333333333333334, "R(C0)": 0.0, "R(C1)": 0.6511627906976745, "IR": 5.976744186046512, "R_aug(f)": 0.5578294573643411}