{"total_samples": 3000, "r(f)": 91, "r(C0)": 0, "r(C1)": 91, "total_overlapping_samples": 91, "R(f)": 0.030333333333333334, "R(C0)": 0.0, "R(C1)": 0.6363636363636364, "IR": 19.97902097902098, "R_aug(f)": 0.606030303030303}