{"total_samples": 300, "r(f)": 14, "r(C0)": 0, "r(C1)": 14, "total_overlapping_samples": 14, "R(f)": 0.04666666666666667, "R(C0)": 0.0, "R(C1)": 1.0, "IR": 20.428571428571427, "R_aug(f)": 0.9533333333333333}