{"total_samples": 3000, "r(f)": 148, "r(C0)": 5, "r(C1)": 143, "total_overlapping_samples": 148, "R(f)": 0.04933333333333333, "R(C0)": 0.0017500875043752187, "R(C1)": 1.0, "IR": 19.97902097902098, "R_aug(f)": 0.9524167541710419}