{"total_samples": 300, "r(f)": 31, "r(C0)": 0, "r(C1)": 31, "total_overlapping_samples": 31, "R(f)": 0.10333333333333333, "R(C0)": 0.0, "R(C1)": 0.62, "IR": 5.0, "R_aug(f)": 0.5166666666666666}