{"total_samples": 3000, "r(f)": 125, "r(C0)": 124, "r(C1)": 1, "total_overlapping_samples": 125, "R(f)": 0.041666666666666664, "R(C0)": 0.0496, "R(C1)": 0.002, "IR": 5.0, "R_aug(f)": 0.009933333333333332}