{"total_samples": 300, "r(f)": 40, "r(C0)": 2, "r(C1)": 38, "total_overlapping_samples": 40, "R(f)": 0.13333333333333333, "R(C0)": 0.007633587786259542, "R(C1)": 1.0, "IR": 6.894736842105263, "R_aug(f)": 0.8743002544529263}