{"total_samples": 3000, "r(f)": 607, "r(C0)": 7, "r(C1)": 600, "total_overlapping_samples": 607, "R(f)": 0.20233333333333334, "R(C0)": 0.002916666666666667, "R(C1)": 1.0, "IR": 4.0, "R_aug(f)": 0.8005833333333334}