{"total_samples": 300, "r(f)": 16, "r(C0)": 15, "r(C1)": 1, "total_overlapping_samples": 16, "R(f)": 0.05333333333333334, "R(C0)": 0.05725190839694656, "R(C1)": 0.02631578947368421, "IR": 6.894736842105263, "R_aug(f)": 0.030234364537297442}