{"total_samples": 300, "r(f)": 60, "r(C0)": 27, "r(C1)": 33, "total_overlapping_samples": 60, "R(f)": 0.2, "R(C0)": 0.10505836575875487, "R(C1)": 0.7674418604651163, "IR": 5.976744186046512, "R_aug(f)": 0.6725002262238712}