{"total_samples": 300, "r(f)": 30, "r(C0)": 8, "r(C1)": 22, "total_overlapping_samples": 30, "R(f)": 0.1, "R(C0)": 0.0299625468164794, "R(C1)": 0.6666666666666666, "IR": 8.090909090909092, "R_aug(f)": 0.596629213483146}