{"total_samples": 300, "r(f)": 116, "r(C0)": 49, "r(C1)": 67, "total_overlapping_samples": 116, "R(f)": 0.38666666666666666, "R(C0)": 0.21777777777777776, "R(C1)": 0.8933333333333333, "IR": 3.0, "R_aug(f)": 0.7244444444444443}