{"total_samples": 300, "r(f)": 2, "r(C0)": 0, "r(C1)": 2, "total_overlapping_samples": 2, "R(f)": 0.006666666666666667, "R(C0)": 0.0, "R(C1)": 0.04, "IR": 5.0, "R_aug(f)": 0.03333333333333333}