{"total_samples": 300, "r(f)": 22, "r(C0)": 0, "r(C1)": 22, "total_overlapping_samples": 22, "R(f)": 0.07333333333333333, "R(C0)": 0.0, "R(C1)": 0.7333333333333333, "IR": 9.0, "R_aug(f)": 0.66}