{"total_samples": 300, "r(f)": 125, "r(C0)": 41, "r(C1)": 84, "total_overlapping_samples": 125, "R(f)": 0.4166666666666667, "R(C0)": 0.19158878504672897, "R(C1)": 0.9767441860465116, "IR": 2.488372093023256, "R_aug(f)": 0.7516663044265739}