{"total_samples": 3000, "r(f)": 157, "r(C0)": 0, "r(C1)": 157, "total_overlapping_samples": 157, "R(f)": 0.052333333333333336, "R(C0)": 0.0, "R(C1)": 0.575091575091575, "IR": 9.989010989010989, "R_aug(f)": 0.5227582417582417}