{"total_samples": 3000, "r(f)": 428, "r(C0)": 142, "r(C1)": 286, "total_overlapping_samples": 428, "R(f)": 0.14266666666666666, "R(C0)": 0.052592592592592594, "R(C1)": 0.9533333333333334, "IR": 9.0, "R_aug(f)": 0.8632592592592593}