{"total_samples": 3000, "r(f)": 251, "r(C0)": 23, "r(C1)": 228, "total_overlapping_samples": 251, "R(f)": 0.08366666666666667, "R(C0)": 0.00862392200974878, "R(C1)": 0.6846846846846847, "IR": 8.00900900900901, "R_aug(f)": 0.6096419400277668}