{"total_samples": 300, "r(f)": 6, "r(C0)": 0, "r(C1)": 6, "total_overlapping_samples": 6, "R(f)": 0.02, "R(C0)": 0.0, "R(C1)": 0.42857142857142855, "IR": 20.428571428571427, "R_aug(f)": 0.40857142857142853}