{"total_samples": 300, "r(f)": 48, "r(C0)": 41, "r(C1)": 7, "total_overlapping_samples": 48, "R(f)": 0.16, "R(C0)": 0.19158878504672897, "R(C1)": 0.08139534883720931, "IR": 2.488372093023256, "R_aug(f)": 0.11298413388393828}