{"total_samples": 3000, "r(f)": 366, "r(C0)": 98, "r(C1)": 268, "total_overlapping_samples": 366, "R(f)": 0.122, "R(C0)": 0.03593692702603594, "R(C1)": 0.9816849816849816, "IR": 9.989010989010989, "R_aug(f)": 0.8956219087110175}