{"total_samples": 3000, "r(f)": 121, "r(C0)": 121, "r(C1)": 0, "total_overlapping_samples": 121, "R(f)": 0.04033333333333333, "R(C0)": 0.050416666666666665, "R(C1)": 0.0, "IR": 4.0, "R_aug(f)": 0.010083333333333333}