{"total_samples": 3000, "r(f)": 433, "r(C0)": 198, "r(C1)": 235, "total_overlapping_samples": 433, "R(f)": 0.14433333333333334, "R(C0)": 0.07542857142857143, "R(C1)": 0.6266666666666667, "IR": 7.0, "R_aug(f)": 0.5577619047619048}