{"total_samples": 300, "r(f)": 41, "r(C0)": 12, "r(C1)": 29, "total_overlapping_samples": 41, "R(f)": 0.13666666666666666, "R(C0)": 0.044444444444444446, "R(C1)": 0.9666666666666667, "IR": 9.0, "R_aug(f)": 0.8744444444444444}