{"total_samples": 3000, "r(f)": 515, "r(C0)": 15, "r(C1)": 500, "total_overlapping_samples": 515, "R(f)": 0.17166666666666666, "R(C0)": 0.006, "R(C1)": 1.0, "IR": 5.0, "R_aug(f)": 0.8343333333333334}