{"total_samples": 3000, "r(f)": 4, "r(C0)": 0, "r(C1)": 4, "total_overlapping_samples": 4, "R(f)": 0.0013333333333333333, "R(C0)": 0.0, "R(C1)": 0.009324009324009324, "IR": 5.993006993006993, "R_aug(f)": 0.00799067599067599}