{"total_samples": 300, "r(f)": 27, "r(C0)": 0, "r(C1)": 27, "total_overlapping_samples": 27, "R(f)": 0.09, "R(C0)": 0.0, "R(C1)": 0.8181818181818182, "IR": 8.090909090909092, "R_aug(f)": 0.7281818181818182}