{"total_samples": 3000, "r(f)": 94, "r(C0)": 0, "r(C1)": 94, "total_overlapping_samples": 94, "R(f)": 0.03133333333333333, "R(C0)": 0.0, "R(C1)": 0.6573426573426573, "IR": 19.97902097902098, "R_aug(f)": 0.626009324009324}