{"total_samples": 3000, "r(f)": 435, "r(C0)": 6, "r(C1)": 429, "total_overlapping_samples": 435, "R(f)": 0.145, "R(C0)": 0.002333722287047841, "R(C1)": 1.0, "IR": 5.993006993006993, "R_aug(f)": 0.8573337222870479}