{"total_samples": 3000, "r(f)": 412, "r(C0)": 37, "r(C1)": 375, "total_overlapping_samples": 412, "R(f)": 0.13733333333333334, "R(C0)": 0.014095238095238095, "R(C1)": 1.0, "IR": 7.0, "R_aug(f)": 0.8767619047619047}