{"total_samples": 300, "r(f)": 21, "r(C0)": 8, "r(C1)": 13, "total_overlapping_samples": 21, "R(f)": 0.07, "R(C0)": 0.027972027972027972, "R(C1)": 0.9285714285714286, "IR": 20.428571428571427, "R_aug(f)": 0.8865434565434566}