{"total_samples": 3000, "r(f)": 308, "r(C0)": 8, "r(C1)": 300, "total_overlapping_samples": 308, "R(f)": 0.10266666666666667, "R(C0)": 0.002962962962962963, "R(C1)": 1.0, "IR": 9.0, "R_aug(f)": 0.9002962962962964}