{"total_samples": 300, "r(f)": 18, "r(C0)": 14, "r(C1)": 4, "total_overlapping_samples": 18, "R(f)": 0.06, "R(C0)": 0.05185185185185185, "R(C1)": 0.13333333333333333, "IR": 9.0, "R_aug(f)": 0.12518518518518518}