{"total_samples": 3000, "r(f)": 313, "r(C0)": 113, "r(C1)": 200, "total_overlapping_samples": 313, "R(f)": 0.10433333333333333, "R(C0)": 0.04143747708104144, "R(C1)": 0.7326007326007326, "IR": 9.989010989010989, "R_aug(f)": 0.6697048763484407}