{"total_samples": 300, "r(f)": 23, "r(C0)": 0, "r(C1)": 23, "total_overlapping_samples": 23, "R(f)": 0.07666666666666666, "R(C0)": 0.0, "R(C1)": 0.696969696969697, "IR": 8.090909090909092, "R_aug(f)": 0.6203030303030304}