{"total_samples": 3000, "r(f)": 2, "r(C0)": 0, "r(C1)": 2, "total_overlapping_samples": 2, "R(f)": 0.0006666666666666666, "R(C0)": 0.0, "R(C1)": 0.002333722287047841, "IR": 2.500583430571762, "R_aug(f)": 0.0016670556203811746}