{"total_samples": 3000, "r(f)": 105, "r(C0)": 0, "r(C1)": 105, "total_overlapping_samples": 105, "R(f)": 0.035, "R(C0)": 0.0, "R(C1)": 0.7342657342657343, "IR": 19.97902097902098, "R_aug(f)": 0.6992657342657342}