{"total_samples": 300, "r(f)": 76, "r(C0)": 36, "r(C1)": 40, "total_overlapping_samples": 76, "R(f)": 0.25333333333333335, "R(C0)": 0.16, "R(C1)": 0.5333333333333333, "IR": 3.0, "R_aug(f)": 0.44}