{"total_samples": 3000, "r(f)": 944, "r(C0)": 198, "r(C1)": 746, "total_overlapping_samples": 944, "R(f)": 0.31466666666666665, "R(C0)": 0.088, "R(C1)": 0.9946666666666667, "IR": 3.0, "R_aug(f)": 0.768}