{"total_samples": 3000, "r(f)": 32, "r(C0)": 0, "r(C1)": 32, "total_overlapping_samples": 32, "R(f)": 0.010666666666666666, "R(C0)": 0.0, "R(C1)": 0.07459207459207459, "IR": 5.993006993006993, "R_aug(f)": 0.06392540792540792}