{"total_samples": 300, "r(f)": 41, "r(C0)": 9, "r(C1)": 32, "total_overlapping_samples": 41, "R(f)": 0.13666666666666666, "R(C0)": 0.036, "R(C1)": 0.64, "IR": 5.0, "R_aug(f)": 0.5393333333333333}