{"total_samples": 300, "r(f)": 28, "r(C0)": 0, "r(C1)": 28, "total_overlapping_samples": 28, "R(f)": 0.09333333333333334, "R(C0)": 0.0, "R(C1)": 0.7368421052631579, "IR": 6.894736842105263, "R_aug(f)": 0.6435087719298246}