{"total_samples": 3000, "r(f)": 26, "r(C0)": 1, "r(C1)": 25, "total_overlapping_samples": 26, "R(f)": 0.008666666666666666, "R(C0)": 0.0003749531308586427, "R(C1)": 0.07507507507507508, "IR": 8.00900900900901, "R_aug(f)": 0.06678336153926706}