{"total_samples": 300, "r(f)": 43, "r(C0)": 0, "r(C1)": 43, "total_overlapping_samples": 43, "R(f)": 0.14333333333333334, "R(C0)": 0.0, "R(C1)": 1.0, "IR": 5.976744186046512, "R_aug(f)": 0.8566666666666667}