{"total_samples": 300, "r(f)": 44, "r(C0)": 1, "r(C1)": 43, "total_overlapping_samples": 44, "R(f)": 0.14666666666666667, "R(C0)": 0.0038910505836575876, "R(C1)": 1.0, "IR": 5.976744186046512, "R_aug(f)": 0.857224383916991}