{"total_samples": 3000, "r(f)": 451, "r(C0)": 293, "r(C1)": 158, "total_overlapping_samples": 451, "R(f)": 0.15033333333333335, "R(C0)": 0.12208333333333334, "R(C1)": 0.2633333333333333, "IR": 4.0, "R_aug(f)": 0.2350833333333333}