{"total_samples": 300, "r(f)": 8, "r(C0)": 0, "r(C1)": 8, "total_overlapping_samples": 8, "R(f)": 0.02666666666666667, "R(C0)": 0.0, "R(C1)": 0.13333333333333333, "IR": 4.0, "R_aug(f)": 0.10666666666666667}