{"total_samples": 3000, "r(f)": 58, "r(C0)": 0, "r(C1)": 58, "total_overlapping_samples": 58, "R(f)": 0.019333333333333334, "R(C0)": 0.0, "R(C1)": 0.1351981351981352, "IR": 5.993006993006993, "R_aug(f)": 0.11586480186480186}