{"total_samples": 300, "r(f)": 33, "r(C0)": 10, "r(C1)": 23, "total_overlapping_samples": 33, "R(f)": 0.11, "R(C0)": 0.03663003663003663, "R(C1)": 0.8518518518518519, "IR": 10.11111111111111, "R_aug(f)": 0.7784818884818884}