{"total_samples": 3000, "r(f)": 4, "r(C0)": 0, "r(C1)": 4, "total_overlapping_samples": 4, "R(f)": 0.0013333333333333333, "R(C0)": 0.0, "R(C1)": 0.027972027972027972, "IR": 19.97902097902098, "R_aug(f)": 0.02663869463869464}