{"total_samples": 300, "r(f)": 44, "r(C0)": 14, "r(C1)": 30, "total_overlapping_samples": 44, "R(f)": 0.14666666666666667, "R(C0)": 0.052434456928838954, "R(C1)": 0.9090909090909091, "IR": 8.090909090909092, "R_aug(f)": 0.8148586993530813}