{"total_samples": 3000, "r(f)": 448, "r(C0)": 126, "r(C1)": 322, "total_overlapping_samples": 448, "R(f)": 0.14933333333333335, "R(C0)": 0.0504, "R(C1)": 0.644, "IR": 5.0, "R_aug(f)": 0.5450666666666667}