{"total_samples": 3000, "r(f)": 347, "r(C0)": 126, "r(C1)": 221, "total_overlapping_samples": 347, "R(f)": 0.11566666666666667, "R(C0)": 0.04666666666666667, "R(C1)": 0.7366666666666667, "IR": 9.0, "R_aug(f)": 0.6676666666666667}