{"total_samples": 300, "r(f)": 31, "r(C0)": 0, "r(C1)": 31, "total_overlapping_samples": 31, "R(f)": 0.10333333333333333, "R(C0)": 0.0, "R(C1)": 0.7209302325581395, "IR": 5.976744186046512, "R_aug(f)": 0.6175968992248062}