{"total_samples": 300, "r(f)": 18, "r(C0)": 6, "r(C1)": 12, "total_overlapping_samples": 18, "R(f)": 0.06, "R(C0)": 0.02097902097902098, "R(C1)": 0.8571428571428571, "IR": 20.428571428571427, "R_aug(f)": 0.818121878121878}