{"total_samples": 3000, "r(f)": 355, "r(C0)": 291, "r(C1)": 64, "total_overlapping_samples": 355, "R(f)": 0.11833333333333333, "R(C0)": 0.12933333333333333, "R(C1)": 0.08533333333333333, "IR": 3.0, "R_aug(f)": 0.09633333333333333}