{"total_samples": 300, "r(f)": 58, "r(C0)": 34, "r(C1)": 24, "total_overlapping_samples": 58, "R(f)": 0.19333333333333333, "R(C0)": 0.14166666666666666, "R(C1)": 0.4, "IR": 4.0, "R_aug(f)": 0.3483333333333334}