{"total_samples": 3000, "r(f)": 75, "r(C0)": 1, "r(C1)": 74, "total_overlapping_samples": 75, "R(f)": 0.025, "R(C0)": 0.0004166666666666667, "R(C1)": 0.12333333333333334, "IR": 4.0, "R_aug(f)": 0.09875}