{"total_samples": 300, "r(f)": 96, "r(C0)": 11, "r(C1)": 85, "total_overlapping_samples": 96, "R(f)": 0.32, "R(C0)": 0.0514018691588785, "R(C1)": 0.9883720930232558, "IR": 2.488372093023256, "R_aug(f)": 0.7197739621821343}