{"total_samples": 300, "r(f)": 40, "r(C0)": 30, "r(C1)": 10, "total_overlapping_samples": 40, "R(f)": 0.13333333333333333, "R(C0)": 0.13333333333333333, "R(C1)": 0.13333333333333333, "IR": 3.0, "R_aug(f)": 0.13333333333333333}