{"total_samples": 3000, "r(f)": 187, "r(C0)": 0, "r(C1)": 187, "total_overlapping_samples": 187, "R(f)": 0.06233333333333333, "R(C0)": 0.0, "R(C1)": 0.5615615615615616, "IR": 8.00900900900901, "R_aug(f)": 0.49922822822822827}