{"total_samples": 3000, "r(f)": 587, "r(C0)": 257, "r(C1)": 330, "total_overlapping_samples": 587, "R(f)": 0.19566666666666666, "R(C0)": 0.09790476190476191, "R(C1)": 0.88, "IR": 7.0, "R_aug(f)": 0.7822380952380953}