{"total_samples": 300, "r(f)": 53, "r(C0)": 3, "r(C1)": 50, "total_overlapping_samples": 53, "R(f)": 0.17666666666666667, "R(C0)": 0.012, "R(C1)": 1.0, "IR": 5.0, "R_aug(f)": 0.8353333333333333}