{"total_samples": 300, "r(f)": 21, "r(C0)": 14, "r(C1)": 7, "total_overlapping_samples": 21, "R(f)": 0.07, "R(C0)": 0.05128205128205128, "R(C1)": 0.25925925925925924, "IR": 10.11111111111111, "R_aug(f)": 0.2405413105413105}