{"total_samples": 3000, "r(f)": 549, "r(C0)": 122, "r(C1)": 427, "total_overlapping_samples": 549, "R(f)": 0.183, "R(C0)": 0.05422222222222222, "R(C1)": 0.5693333333333334, "IR": 3.0, "R_aug(f)": 0.4405555555555556}