{"total_samples": 300, "r(f)": 32, "r(C0)": 5, "r(C1)": 27, "total_overlapping_samples": 32, "R(f)": 0.10666666666666667, "R(C0)": 0.019083969465648856, "R(C1)": 0.7105263157894737, "IR": 6.894736842105263, "R_aug(f)": 0.6229436185884559}