{"total_samples": 3000, "r(f)": 90, "r(C0)": 3, "r(C1)": 87, "total_overlapping_samples": 90, "R(f)": 0.03, "R(C0)": 0.0013333333333333333, "R(C1)": 0.116, "IR": 3.0, "R_aug(f)": 0.08733333333333335}