{"total_samples": 300, "r(f)": 21, "r(C0)": 19, "r(C1)": 2, "total_overlapping_samples": 21, "R(f)": 0.07, "R(C0)": 0.07392996108949416, "R(C1)": 0.046511627906976744, "IR": 5.976744186046512, "R_aug(f)": 0.050441588996470915}