{"total_samples": 3000, "r(f)": 22, "r(C0)": 0, "r(C1)": 22, "total_overlapping_samples": 22, "R(f)": 0.007333333333333333, "R(C0)": 0.0, "R(C1)": 0.08058608058608059, "IR": 9.989010989010989, "R_aug(f)": 0.07325274725274726}