{"total_samples": 3000, "r(f)": 238, "r(C0)": 1, "r(C1)": 237, "total_overlapping_samples": 238, "R(f)": 0.07933333333333334, "R(C0)": 0.00038895371450797355, "R(C1)": 0.5524475524475524, "IR": 5.993006993006993, "R_aug(f)": 0.473503172828727}