{"total_samples": 3000, "r(f)": 115, "r(C0)": 115, "r(C1)": 0, "total_overlapping_samples": 115, "R(f)": 0.03833333333333333, "R(C0)": 0.051111111111111114, "R(C1)": 0.0, "IR": 3.0, "R_aug(f)": 0.012777777777777779}