{"total_samples": 300, "r(f)": 18, "r(C0)": 18, "r(C1)": 0, "total_overlapping_samples": 18, "R(f)": 0.06, "R(C0)": 0.08411214953271028, "R(C1)": 0.0, "IR": 2.488372093023256, "R_aug(f)": 0.02411214953271028}