{"total_samples": 3000, "r(f)": 131, "r(C0)": 122, "r(C1)": 9, "total_overlapping_samples": 131, "R(f)": 0.043666666666666666, "R(C0)": 0.045744281964754406, "R(C1)": 0.02702702702702703, "IR": 8.00900900900901, "R_aug(f)": 0.029104642325114772}