{"total_samples": 3000, "r(f)": 140, "r(C0)": 124, "r(C1)": 16, "total_overlapping_samples": 140, "R(f)": 0.04666666666666667, "R(C0)": 0.046494188226471694, "R(C1)": 0.04804804804804805, "IR": 8.00900900900901, "R_aug(f)": 0.04787556960785308}