{"total_samples": 3000, "r(f)": 421, "r(C0)": 369, "r(C1)": 52, "total_overlapping_samples": 421, "R(f)": 0.14033333333333334, "R(C0)": 0.17218852076528232, "R(C1)": 0.060676779463243874, "IR": 2.500583430571762, "R_aug(f)": 0.09253196689519286}