{"total_samples": 3000, "r(f)": 51, "r(C0)": 0, "r(C1)": 51, "total_overlapping_samples": 51, "R(f)": 0.017, "R(C0)": 0.0, "R(C1)": 0.15315315315315314, "IR": 8.00900900900901, "R_aug(f)": 0.13615315315315316}