{"total_samples": 3000, "r(f)": 212, "r(C0)": 9, "r(C1)": 203, "total_overlapping_samples": 212, "R(f)": 0.07066666666666667, "R(C0)": 0.0033333333333333335, "R(C1)": 0.6766666666666666, "IR": 9.0, "R_aug(f)": 0.6093333333333333}