{"total_samples": 300, "r(f)": 16, "r(C0)": 16, "r(C1)": 0, "total_overlapping_samples": 16, "R(f)": 0.05333333333333334, "R(C0)": 0.061068702290076333, "R(C1)": 0.0, "IR": 6.894736842105263, "R_aug(f)": 0.007735368956743003}