{"total_samples": 3000, "r(f)": 471, "r(C0)": 236, "r(C1)": 235, "total_overlapping_samples": 471, "R(f)": 0.157, "R(C0)": 0.09179307662388175, "R(C1)": 0.5477855477855478, "IR": 5.993006993006993, "R_aug(f)": 0.48257862440942956}