{"total_samples": 300, "r(f)": 62, "r(C0)": 2, "r(C1)": 60, "total_overlapping_samples": 62, "R(f)": 0.20666666666666667, "R(C0)": 0.008333333333333333, "R(C1)": 1.0, "IR": 4.0, "R_aug(f)": 0.8016666666666667}