{"total_samples": 3000, "r(f)": 754, "r(C0)": 358, "r(C1)": 396, "total_overlapping_samples": 754, "R(f)": 0.25133333333333335, "R(C0)": 0.15911111111111112, "R(C1)": 0.528, "IR": 3.0, "R_aug(f)": 0.4357777777777778}