{"total_samples": 3000, "r(f)": 329, "r(C0)": 7, "r(C1)": 322, "total_overlapping_samples": 329, "R(f)": 0.10966666666666666, "R(C0)": 0.002916666666666667, "R(C1)": 0.5366666666666666, "IR": 4.0, "R_aug(f)": 0.42991666666666667}